{
    "Order N": 12,
    "ak coefficients": [
        0.0,
        0.0,
        0.0,
        0.0,
        0.0,
        0.0,
        0.0,
        0.0,
        0.0,
        0.0,
        0.0,
        0.0,
        0.0
    ],
    "bk coefficients": [
        740.451279294774,
        -1195.3733054287814,
        1311.7609372823717,
        -1227.012693571512,
        1084.7504181203374,
        -950.8312494621081,
        839.1517054811835,
        -747.9320222383707,
        673.1409463340342,
        -611.1677887930863,
        559.1941721191125,
        -515.0926744126866
    ],
    "Maximum relative error": 3.2371733739798925e+23
}